Symbol,20Day_ADV
360ONE,935853
ABB,170105
ABCAPITAL,2465579
ADANIENSOL,1428909
ADANIENT,1425769
ADANIGREEN,1139829
ADANIPORTS,2008570
ADANIPOWER,16372957
ALKEM,144398
AMBER,117211
AMBUJACEM,1251970
ANANDRATHI,343240
ANGELONE,4976325
APLAPOLLO,592226
APOLLOHOSP,401707
ASHOKLEY,11077563
ASIANPAINT,509254
ASTRAL,570295
ATHERENERG,3735853
AUBANK,1202985
AUROPHARMA,751643
AXISBANK,4700721
BAJAJ-AUTO,194971
BAJAJFINSV,662462
BAJAJHLDNG,42297
BAJFINANCE,6025138
BANDHANBNK,13339577
BANKBARODA,6418813
BANKINDIA,4896950
BDL,1044863
BEL,9553911
BHARATFORG,902183
BHARTIARTL,5340369
BHEL,5992775
BIOCON,3168802
BLUESTARCO,665955
BOSCHLTD,23870
BPCL,3998272
BRITANNIA,250381
BSE,5333920
CAMS,1094387
CANBK,11510212
CDSL,1127239
CGPOWER,2241878
CHOLAFIN,1481520
CIPLA,955339
COALINDIA,7839150
COCHINSHIP,1130732
COFORGE,2333954
COLPAL,418854
CONCOR,1113555
CROMPTON,2334762
CUMMINSIND,374003
DABUR,2350111
DELHIVERY,2741511
DIVISLAB,478303
DIXON,326883
DLF,3848857
DMART,428868
DRREDDY,1814132
EICHERMOT,347768
ENRIN,373353
ETERNAL,18325047
FEDERALBNK,5385595
FORCEMOT,62324
FORTIS,1375660
GAIL,6197825
GLENMARK,526878
GMRAIRPORT,10868032
GODFRYPHLP,161287
GODREJCP,1381388
GODREJPROP,674309
GRASIM,809016
GVT&D,756659
HAL,835790
HAVELLS,794127
HCLTECH,2448940
HDFCAMC,600326
HDFCBANK,27907639
HDFCLIFE,4833540
HEROMOTOCO,451641
HINDALCO,3424832
HINDPETRO,3530717
HINDUNILVR,1281321
HINDZINC,4165187
HYUNDAI,600466
ICICIBANK,8799572
ICICIGI,842040
ICICIPRULI,1578458
IDEA,400830274
IDFCFIRSTB,22599354
IEX,3625522
INDHOTEL,2945647
INDIANB,954541
INDIGO,563097
INDUSINDBK,2129754
INDUSTOWER,4493872
INFY,8779334
INOXWIND,11853783
IOC,7296814
IREDA,4547647
IRFC,8823309
ITC,10711306
JINDALSTEL,720575
JIOFIN,11068774
JSWENERGY,1650615
JSWSTEEL,1291267
JUBLFOOD,974541
KALYANKJIL,5636619
KAYNES,1043112
KEI,610190
KFINTECH,511538
KOTAKBANK,12653932
KPITTECH,1542813
LAURUSLABS,1617773
LICHSGFIN,3577231
LICI,6956621
LODHA,1857265
LT,1471525
LTF,5735507
LTM,425593
LUPIN,651068
M&M,1888241
MAHABANK,15382929
MANAPPURAM,4323799
MANKIND,521289
MARICO,1523472
MARUTI,354405
MAXHEALTH,2482541
MAZDOCK,589357
MCX,1859850
MFSL,1280580
MOTHERSON,10676447
MOTILALOFS,769655
MPHASIS,359313
MUTHOOTFIN,597837
NAM-INDIA,973647
NATIONALUM,4492123
NAUKRI,1301111
NBCC,4619548
NESTLEIND,1060377
NHPC,9524977
NMDC,11748317
NTPC,7092909
NYKAA,3528137
OBEROIRLTY,479144
OFSS,216081
OIL,2115168
ONGC,9653612
PAGEIND,22536
PATANJALI,5220677
PAYTM,4261660
PERSISTENT,399793
PETRONET,1577778
PFC,8449936
PGEL,824027
PHOENIXLTD,379928
PIDILITIND,590157
PIIND,272500
PNB,12728981
PNBHOUSING,904241
POLICYBZR,6435038
POLYCAB,432001
POWERGRID,9521158
POWERINDIA,102303
PREMIERENE,1201496
PRESTIGE,500558
RADICO,225473
RBLBANK,4346276
RECLTD,6153564
RELIANCE,11495691
RVNL,5275704
SAGILITY,12143646
SAIL,15195379
SBICARD,1588818
SBILIFE,1083466
SBIN,8053035
SHREECEM,39262
SHRIRAMFIN,3949593
SIEMENS,249581
SOLARINDS,273035
SONACOMS,2111547
SRF,212964
SUNPHARMA,1471431
SUPREMEIND,151956
SUZLON,51103744
SWIGGY,26279736
TATACONSUM,1182957
TATAELXSI,230009
TATAPOWER,3663055
TATASTEEL,25000788
TCS,2979660
TECHM,1690886
TIINDIA,211737
TITAN,588366
TMPV,10118189
TORNTPHARM,339210
TRENT,688564
TVSMOTOR,615801
UJJIVANSFB,11869967
ULTRACEMCO,270211
UNIONBANK,7950313
UNITDSPR,884267
UNOMINDA,507819
UPL,2068463
VBL,5506669
VEDL,6677927
VMM,9995888
VOLTAS,655014
WAAREEENER,571982
WIPRO,17946218
YESBANK,77441033
ZYDUSLIFE,1448578
